{"cameraMode":{"drawMode":0,"name":"Shaded","section":"Shading Mode"},"sceneLighting":true,"audioPlay":false,"sceneViewState":{"m_AlwaysRefresh":false,"showFog":true,"showSkybox":true,"showFlares":true,"showImageEffects":true,"showParticleSystems":true,"showVisualEffectGraphs":true,"m_FxEnabled":true},"in2DMode":false,"pivot":{"x":4.749916076660156,"y":-0.039531707763671878,"z":0.39749908447265627},"rotation":{"x":0.02490975148975849,"y":-0.9725044369697571,"z":0.12377899885177612,"w":0.19571532309055329},"size":26.645614624023439,"orthographic":true}