{"cameraMode":{"drawMode":0,"name":"Shaded","section":"Shading Mode"},"sceneLighting":true,"audioPlay":false,"sceneViewState":{"m_AlwaysRefresh":false,"showFog":true,"showSkybox":true,"showFlares":true,"showImageEffects":true,"showParticleSystems":true,"showVisualEffectGraphs":true,"m_FxEnabled":true},"in2DMode":false,"pivot":{"x":6.4100117683410648,"y":2.318164348602295,"z":8.629522323608399},"rotation":{"x":-0.024595465511083604,"y":-0.9754856824874878,"z":0.16754131019115449,"w":-0.1429166942834854},"size":18.718759536743165,"orthographic":false}