{"cameraMode":{"drawMode":0,"name":"Shaded","section":"Shading Mode"},"sceneLighting":true,"audioPlay":false,"sceneViewState":{"m_AlwaysRefresh":false,"showFog":true,"showSkybox":true,"showFlares":true,"showImageEffects":true,"showParticleSystems":true,"showVisualEffectGraphs":true,"m_FxEnabled":true},"in2DMode":false,"pivot":{"x":2.62520432472229,"y":0.6024067401885986,"z":-6.831126689910889},"rotation":{"x":0.17020803689956666,"y":-0.03247035667300224,"z":0.0038635984528809788,"w":0.9853212833404541},"size":7.406460762023926,"orthographic":false}