{"cameraMode":{"drawMode":0,"name":"Shaded","section":"Shading Mode"},"sceneLighting":true,"audioPlay":false,"sceneViewState":{"m_AlwaysRefresh":false,"showFog":true,"showSkybox":true,"showFlares":true,"showImageEffects":true,"showParticleSystems":true,"showVisualEffectGraphs":true,"m_FxEnabled":true},"in2DMode":false,"pivot":{"x":-4.244009971618652,"y":9.056656837463379,"z":16.496129989624025},"rotation":{"x":0.009441031143069268,"y":-0.9890694618225098,"z":0.12769733369350434,"w":0.0731223076581955},"size":27.401166915893556,"orthographic":true}