{"cameraMode":{"drawMode":0,"name":"Shaded","section":"Shading Mode"},"sceneLighting":true,"audioPlay":false,"sceneViewState":{"m_AlwaysRefresh":false,"showFog":true,"showSkybox":true,"showFlares":true,"showImageEffects":true,"showParticleSystems":true,"showVisualEffectGraphs":true,"m_FxEnabled":true},"in2DMode":false,"pivot":{"x":5.180297374725342,"y":7.223590850830078,"z":-4.723618507385254},"rotation":{"x":0.057137735188007358,"y":0.9195014238357544,"z":-0.14575818181037904,"w":0.3606734573841095},"size":21.448951721191408,"orthographic":true}