{"cameraMode":{"drawMode":0,"name":"Shaded","section":"Shading Mode"},"sceneLighting":true,"audioPlay":false,"sceneViewState":{"m_AlwaysRefresh":false,"showFog":true,"showSkybox":true,"showFlares":true,"showImageEffects":true,"showParticleSystems":true,"showVisualEffectGraphs":true,"m_FxEnabled":true},"in2DMode":false,"pivot":{"x":1.0950965881347657,"y":-1.4471577405929566,"z":-0.8277797698974609},"rotation":{"x":-0.0007632430642843247,"y":-0.9820688366889954,"z":0.1890767514705658,"w":-0.005644343793392181},"size":35.83516311645508,"orthographic":false}