{"cameraMode":{"drawMode":0,"name":"Shaded","section":"Shading Mode"},"sceneLighting":true,"audioPlay":false,"sceneViewState":{"m_AlwaysRefresh":false,"showFog":true,"showSkybox":true,"showFlares":true,"showImageEffects":true,"showParticleSystems":true,"showVisualEffectGraphs":true,"m_FxEnabled":true},"in2DMode":false,"pivot":{"x":2.1039657592773439,"y":-0.6483535766601563,"z":-13.138072967529297},"rotation":{"x":0.29891932010650637,"y":0.43113288283348086,"z":-0.1539149433374405,"w":0.8373064994812012},"size":28.062223434448243,"orthographic":false}