{"cameraMode":{"drawMode":0,"name":"Shaded","section":"Shading Mode"},"sceneLighting":true,"audioPlay":false,"sceneViewState":{"m_AlwaysRefresh":false,"showFog":true,"showSkybox":true,"showFlares":true,"showImageEffects":true,"showParticleSystems":true,"showVisualEffectGraphs":true,"m_FxEnabled":true},"in2DMode":false,"pivot":{"x":6.121740341186523,"y":26.219989776611329,"z":39.541778564453128},"rotation":{"x":0.03716937452554703,"y":-0.9578026533126831,"z":0.2453954517841339,"w":0.14525838196277619},"size":32.33249282836914,"orthographic":true}