{"cameraMode":{"drawMode":0,"name":"Shaded","section":"Shading Mode"},"sceneLighting":true,"audioPlay":false,"sceneViewState":{"m_AlwaysRefresh":false,"showFog":true,"showSkybox":true,"showFlares":true,"showImageEffects":true,"showParticleSystems":true,"showVisualEffectGraphs":true,"m_FxEnabled":true},"in2DMode":false,"pivot":{"x":12.911548614501954,"y":8.162403106689454,"z":15.361410140991211},"rotation":{"x":-0.010658739134669304,"y":0.9891078472137451,"z":-0.09044910222291947,"w":-0.1159486398100853},"size":18.383054733276368,"orthographic":true}