{"cameraMode":{"drawMode":0,"name":"Shaded","section":"Shading Mode"},"sceneLighting":true,"audioPlay":false,"sceneViewState":{"m_AlwaysRefresh":false,"showFog":true,"showSkybox":true,"showFlares":true,"showImageEffects":true,"showParticleSystems":true,"showVisualEffectGraphs":true,"m_FxEnabled":true},"in2DMode":false,"pivot":{"x":10.317214965820313,"y":-6.246630668640137,"z":-8.550970077514649},"rotation":{"x":0.052194222807884219,"y":0.9371438026428223,"z":-0.30541443824768069,"w":0.16102644801139832},"size":16.942827224731447,"orthographic":false}