{"cameraMode":{"drawMode":0,"name":"Shaded","section":"Shading Mode"},"sceneLighting":true,"audioPlay":false,"sceneViewState":{"m_AlwaysRefresh":false,"showFog":true,"showSkybox":true,"showFlares":true,"showImageEffects":true,"showParticleSystems":true,"showVisualEffectGraphs":true,"m_FxEnabled":true},"in2DMode":false,"pivot":{"x":18.369155883789064,"y":13.47812271118164,"z":-17.213348388671876},"rotation":{"x":0.032113928347826007,"y":-0.9632864594459534,"z":0.13437093794345857,"w":0.23022209107875825},"size":53.009090423583987,"orthographic":true}