{"cameraMode":{"drawMode":0,"name":"Shaded","section":"Shading Mode"},"sceneLighting":true,"audioPlay":false,"sceneViewState":{"m_AlwaysRefresh":false,"showFog":true,"showSkybox":true,"showFlares":true,"showImageEffects":true,"showParticleSystems":true,"showVisualEffectGraphs":true,"m_FxEnabled":true},"in2DMode":false,"pivot":{"x":13.769315719604493,"y":-13.429824829101563,"z":-14.808992385864258},"rotation":{"x":0.07706611603498459,"y":0.9194879531860352,"z":-0.22857338190078736,"w":0.31065577268600466},"size":47.815650939941409,"orthographic":false}