{"cameraMode":{"drawMode":0,"name":"Shaded","section":"Shading Mode"},"sceneLighting":true,"audioPlay":false,"sceneViewState":{"m_AlwaysRefresh":false,"showFog":true,"showSkybox":true,"showFlares":true,"showImageEffects":true,"showParticleSystems":true,"showVisualEffectGraphs":true,"m_FxEnabled":true},"in2DMode":false,"pivot":{"x":12.911548614501954,"y":8.162403106689454,"z":15.361410140991211},"rotation":{"x":-0.04682724550366402,"y":0.9263544082641602,"z":-0.12268980592489243,"w":-0.35312166810035708},"size":18.383054733276368,"orthographic":true}