{"cameraMode":{"drawMode":0,"name":"Shaded","section":"Shading Mode"},"sceneLighting":true,"audioPlay":false,"sceneViewState":{"m_AlwaysRefresh":false,"showFog":true,"showSkybox":true,"showFlares":true,"showImageEffects":true,"showParticleSystems":true,"showVisualEffectGraphs":true,"m_FxEnabled":true},"in2DMode":false,"pivot":{"x":60.625770568847659,"y":-41.14319610595703,"z":-103.01270294189453},"rotation":{"x":-0.034030668437480929,"y":-0.9651516675949097,"z":0.1610032469034195,"w":-0.20368973910808564},"size":83.01434326171875,"orthographic":true}