{"cameraMode":{"drawMode":0,"name":"Shaded","section":"Shading Mode"},"sceneLighting":true,"audioPlay":false,"sceneViewState":{"m_AlwaysRefresh":false,"showFog":true,"showSkybox":true,"showFlares":true,"showImageEffects":true,"showParticleSystems":true,"showVisualEffectGraphs":true,"m_FxEnabled":true},"in2DMode":false,"pivot":{"x":8.726604461669922,"y":1.0694407224655152,"z":5.854045867919922},"rotation":{"x":0.03016730584204197,"y":0.9697819352149963,"z":-0.1761748492717743,"w":0.16627903282642365},"size":17.777807235717775,"orthographic":true}