{"cameraMode":{"drawMode":0,"name":"Shaded","section":"Shading Mode"},"sceneLighting":true,"audioPlay":false,"sceneViewState":{"m_AlwaysRefresh":false,"showFog":true,"showSkybox":true,"showFlares":true,"showImageEffects":true,"showParticleSystems":true,"showVisualEffectGraphs":true,"m_FxEnabled":true},"in2DMode":false,"pivot":{"x":3.3704404830932619,"y":-3.397841453552246,"z":-2.2479233741760256},"rotation":{"x":-0.016719792038202287,"y":-0.960122287273407,"z":0.27286604046821597,"w":-0.05883615091443062},"size":22.45941734313965,"orthographic":false}