{"cameraMode":{"drawMode":0,"name":"Shaded","section":"Shading Mode"},"sceneLighting":true,"audioPlay":false,"sceneViewState":{"m_AlwaysRefresh":false,"showFog":true,"showSkybox":true,"showFlares":true,"showImageEffects":true,"showParticleSystems":true,"showVisualEffectGraphs":true,"m_FxEnabled":true},"in2DMode":false,"pivot":{"x":12.072212219238282,"y":-2.2209155559539797,"z":-1.3533539772033692},"rotation":{"x":0.10949109494686127,"y":0.7449826002120972,"z":-0.12639357149600984,"w":0.6459358334541321},"size":32.42213439941406,"orthographic":false}