{"cameraMode":{"drawMode":0,"name":"Shaded","section":"Shading Mode"},"sceneLighting":true,"audioPlay":false,"sceneViewState":{"m_AlwaysRefresh":false,"showFog":true,"showSkybox":true,"showFlares":true,"showImageEffects":true,"showParticleSystems":true,"showVisualEffectGraphs":true,"m_FxEnabled":true},"in2DMode":false,"pivot":{"x":-3.2136964797973635,"y":1.2126586437225342,"z":7.68452262878418},"rotation":{"x":0.00256478157825768,"y":0.9764642119407654,"z":-0.21548624336719514,"w":0.012031763792037964},"size":15.138404846191407,"orthographic":true}