{"cameraMode":{"drawMode":0,"name":"Shaded","section":"Shading Mode"},"sceneLighting":true,"audioPlay":false,"sceneViewState":{"m_AlwaysRefresh":false,"showFog":true,"showSkybox":true,"showFlares":true,"showImageEffects":true,"showParticleSystems":true,"showVisualEffectGraphs":true,"m_FxEnabled":true},"in2DMode":false,"pivot":{"x":17.212329864501954,"y":0.03917980194091797,"z":2.8806896209716799},"rotation":{"x":0.011988966725766659,"y":0.04147769883275032,"z":0.00041305948980152607,"w":-0.9991286396980286},"size":20.153366088867189,"orthographic":true}