{"cameraMode":{"drawMode":0,"name":"Shaded","section":"Shading Mode"},"sceneLighting":true,"audioPlay":false,"sceneViewState":{"m_AlwaysRefresh":false,"showFog":true,"showSkybox":true,"showFlares":true,"showImageEffects":true,"showParticleSystems":true,"showVisualEffectGraphs":true,"m_FxEnabled":true},"in2DMode":false,"pivot":{"x":-1.2843966484069825,"y":2.0337741374969484,"z":-6.563790798187256},"rotation":{"x":-0.045404426753520969,"y":0.9031839370727539,"z":-0.09777101129293442,"w":-0.4157171845436096},"size":0.9957262277603149,"orthographic":false}