{"cameraMode":{"drawMode":0,"name":"Shaded","section":"Shading Mode"},"sceneLighting":true,"audioPlay":false,"sceneViewState":{"showFog":true,"showMaterialUpdate":false,"showSkybox":true,"showFlares":true,"showImageEffects":true,"showParticleSystems":true},"in2DMode":false,"pivot":{"x":6.84432315826416,"y":1.9815752506256104,"z":5.143610954284668},"rotation":{"x":-0.5304485559463501,"y":0.009284182451665402,"z":-0.005834358744323254,"w":-0.8476935029029846},"size":7.131286144256592,"orthographic":false}